รหัส,ชื่อตัวชี้วัด,ตัวตั้ง,ตัวหาร,หน่วย,ความถี่,source,metricKey,NQA,HA6,เขต,สปสช.,เป้าหมาย(ตัวอย่าง),ผู้รับผิดชอบ,ข้อมูลเดิมที่ใช้
IPC-01,อัตราการติดเชื้อในโรงพยาบาล (HAI) รวม,จำนวนครั้งการติดเชื้อ HAI,จำนวนวันนอนผู้ป่วย,/1000 วันนอน,เดือน/ไตรมาส/ปี,auto,hai_rate,✓,✓,✓,✓,<1.08,ICN,ทะเบียน-1
IPC-02,อัตราการติดเชื้อทางเดินปัสสาวะจากคาสายสวน (CAUTI),จำนวนครั้ง CAUTI,จำนวนวันคาสายสวนปัสสาวะ,/1000 วันคาสาย,เดือน/ไตรมาส/ปี,auto,cauti_rate,✓,✓,✓,,<2.92,ICN,ทะเบียน-1 (RATE_META)
IPC-03,อัตราการเกิดปอดอักเสบจากการใช้เครื่องช่วยหายใจ (VAP),จำนวนครั้ง VAP,จำนวนวันใช้เครื่องช่วยหายใจ,/1000 วันเครื่องช่วยหายใจ,เดือน/ไตรมาส/ปี,auto,vap_rate,✓,✓,✓,,<1.34,ICN,ทะเบียน-1 (RATE_META)
IPC-04,อัตราการติดเชื้อในกระแสเลือดจากสายสวนหลอดเลือด (CLABSI),จำนวนครั้ง CLABSI,จำนวนวันคาสายสวนหลอดเลือด,/1000 วันคาสาย,เดือน/ไตรมาส/ปี,auto,clabsi_rate,✓,✓,✓,,<2.19,ICN,ทะเบียน-1 (RATE_META)
IPC-05,อัตราการติดเชื้อตำแหน่งผ่าตัด (SSI),จำนวนครั้ง SSI,จำนวนครั้งการผ่าตัด,ร้อยละ,ไตรมาส/ปี,auto,ssi_rate,✓,✓,✓,,<0.22,ICN,ทะเบียน-1 / Post-discharge
IPC-06,ร้อยละการติดเชื้อดื้อยา (MDRO) ต่อการติดเชื้อทั้งหมด,จำนวนเคสติดเชื้อดื้อยา,จำนวนเคสติดเชื้อ HAI ทั้งหมด,ร้อยละ,เดือน/ไตรมาส/ปี,auto,mdr_pct,✓,✓,✓,✓,ลดลงจากปีก่อน,ICN,เมนู MDR เดิม
IPC-07,อัตราการติดเชื้อดื้อยา (MDRO) ต่อวันนอน,จำนวนเคสติดเชื้อดื้อยา,จำนวนวันนอนผู้ป่วย,/1000 วันนอน,เดือน/ไตรมาส/ปี,auto,mdro_rate,,✓,✓,,ลดลงจากปีก่อน,ICN,เมนู MDR เดิม
IPC-08,จำนวนบุคลากรสัมผัสเลือด/สารคัดหลั่งจากการปฏิบัติหน้าที่,จำนวนเหตุการณ์สัมผัส,-,ครั้ง,ไตรมาส/ปี,external,staff_sharp,✓,✓,,,ลดลงจากปีก่อน,ICN/อาชีวอนามัย,ชีต IC-อุบัติเหตุเจ้าหน้าที่
IPC-09,อัตราการล้างมือถูกต้องตามโอกาส (Hand Hygiene Compliance),จำนวนครั้งที่ล้างมือถูกต้อง,จำนวนโอกาสที่ควรล้างมือ (สุ่มสังเกต),ร้อยละ,เดือน/ไตรมาส,manual,hh_compliance,✓,✓,✓,✓,≥85%,ICN,เริ่มเก็บใหม่ (สุ่มสังเกต 5 moments)
IPC-10,ความครบถ้วนการปฏิบัติตาม Bundle ป้องกันการติดเชื้อ (CAUTI/VAP/CLABSI),จำนวนรายการ Bundle ที่ปฏิบัติครบ,จำนวนรายการ Bundle ที่ตรวจทั้งหมด,ร้อยละ,เดือน/ไตรมาส,manual,bundle_compliance,✓,✓,,,≥90%,ICN/หอผู้ป่วย,เริ่มเก็บใหม่ (audit)
IPC-11,ความครอบคลุมการเฝ้าระวังการติดเชื้อ (Surveillance Coverage),จำนวนหน่วย/ผู้ป่วยที่เฝ้าระวัง,จำนวนหน่วย/ผู้ป่วยเป้าหมายทั้งหมด,ร้อยละ,ไตรมาส/ปี,manual,surv_coverage,,✓,,,100%,ICN,เริ่มเก็บใหม่
IPC-12,อัตราบุคลากรได้รับวัคซีนป้องกันโรค (ไข้หวัดใหญ่/HBV),จำนวนบุคลากรที่ได้รับวัคซีนครบ,จำนวนบุคลากรกลุ่มเป้าหมาย,ร้อยละ,ปี,manual,staff_vaccine,,✓,,,≥90%,ICN/อาชีวอนามัย,เริ่มเก็บใหม่
IPC-13,ความทันเวลาการสอบสวนและควบคุมการระบาด (Outbreak Response),จำนวนเหตุการณ์ที่สอบสวนทันเวลา,จำนวนเหตุการณ์ระบาดทั้งหมด,ร้อยละ,ต่อเหตุการณ์/ปี,manual,outbreak_timely,,✓,,,100%,ICN,เริ่มเก็บใหม่
IPC-14,ความเหมาะสมการให้ยาปฏิชีวนะป้องกันก่อนผ่าตัด (SAP),จำนวนการผ่าตัดที่ให้ยาเหมาะสม,จำนวนการผ่าตัดที่ควรได้รับยา,ร้อยละ,ไตรมาส,manual,sap_appropriate,✓,✓,,✓,≥95%,ICN/ศัลยกรรม/เภสัช,เริ่มเก็บใหม่ (ASP)
IPC-15,การปฏิบัติตามมาตรฐานสิ่งแวดล้อม/IC Round,จำนวนรายการผ่านเกณฑ์,จำนวนรายการที่ตรวจทั้งหมด,ร้อยละ,ไตรมาส,manual,ic_round,,✓,,,≥90%,ICN,เริ่มเก็บใหม่
